alexm001,Alexander,Manny,R,R
alomr001,Alomar,Roberto,B,R
andeb001,Anderson,Brady,L,L
benia001,Benitez,Armando,R,R
bonib001,Bonilla,Bobby,B,R
boweb001,Bowers,Brent,L,R
coppr001,Coppinger,Rocky,R,R
corba001,Corbin,Archie,R,R
devac001,Devarez,Cesar,R,R
devem001,Devereaux,Mike,R,R
erics001,Erickson,Scott,R,R
hammj001,Hammonds,Jeffrey,R,R
haynj001,Haynes,Jimmy,R,R
hoilc001,Hoiles,Chris,R,R
husoj001,Huson,Jeff,L,R
incap001,Incaviglia,Pete,R,R
kingg001,Kingsale,Gene,B,R
krivr001,Krivda,Rick,R,L
matht001,Mathews,Terry,L,R
mcdor001,McDowell,Roger,R,R
merck001,Mercker,Kent,L,L
milcm001,Milchin,Mike,L,L
milla001,Mills,Alan,B,R
murre001,Murray,Eddie,B,R
mussm001,Mussina,Mike,R,R
myerj001,Myers,Jimmy,R,R
myerr001,Myers,Randy,L,L
orosj001,Orosco,Jesse,R,L
palmr001,Palmeiro,Rafael,L,L
parem001,Parent,Mark,R,R
polol001,Polonia,Luis,L,L
rhoda001,Rhodes,Arthur,L,L
ripkb001,Ripken,Billy,R,R
ripkc001,Ripken,Cal,R,R
rodrn001,Rodriguez,Nerio,R,R
sackb001,Sackinsky,Brian,R,R
shepk001,Shepherd,Keith,R,R
smitm004,Smith,Mark,R,R
stepg001,Stephenson,Garrett,R,R
surhb001,Surhoff,B.J.,L,R
tarat001,Tarasco,Tony,L,R
welld001,Wells,David,L,L
yan-e001,Yan,Esteban,R,R
zaung001,Zaun,Greg,B,R
zeilt001,Zeile,Todd,R,R
