andeb001,Anderson,Brady,L,L
barrm001,Barrett,Marty,R,R
benzt001,Benzinger,Todd,B,R
boddm001,Boddicker,Mike,R,R
boggw001,Boggs,Wade,L,R
boltt001,Bolton,Tom,L,L
boydo001,Boyd,Oil Can,R,R
burke001,Burks,Ellis,R,R
ceror001,Cerone,Rick,R,R
clemr001,Clemens,Roger,R,R
crouz001,Crouch,Zach,L,L
currs001,Curry,Steve,R,R
dodsp001,Dodson,Pat,L,L
ellss001,Ellsworth,Steve,R,R
evand002,Evans,Dwight,R,R
gardw001,Gardner,Wes,R,R
gedmr001,Gedman,Rich,L,R
greem001,Greenwell,Mike,L,R
horns001,Horn,Sam,L,L
hursb001,Hurst,Bruce,L,L
kutcr001,Kutcher,Randy,R,R
lampd001,Lamp,Dennis,R,R
marzj001,Marzano,John,R,R
owens001,Owen,Spike,B,R
parrl002,Parrish,Larry,R,R
quinc001,Quintana,Carlos,R,R
reedj003,Reed,Jody,R,R
ricej001,Rice,Jim,R,R
rochm001,Rochford,Mike,L,L
romee001,Romero,Ed,R,R
romik001,Romine,Kevin,R,R
sellj001,Sellers,Jeff,R,R
smitl001,Smith,Lee,R,R
smitm002,Smithson,Mike,L,R
stanb001,Stanley,Bob,R,R
trauj001,Trautwein,John,R,R
woodb001,Woodward,Rob,R,R
