baird101,Baird,Doug,R,R
cadol101,Cadore,Leon,R,R
ellir104,Elliott,Rowdy,R,R
grift102,Griffith,Tommy,L,R
grimb101,Grimes,Burleigh,R,R
hoodw101,Hood,Wally,R,R
johnj107,Johnston,Jimmy,R,R
kildp101,Kilduff,Pete,R,R
konee101,Konetchy,Ed,R,R
kruee101,Krueger,Ernie,R,R
lamab101,Lamar,Bill,L,R
mamaa101,Mamaux,Al,R,R
marqr102,Marquard,Rube,B,L
mccab101,McCabe,Bill,B,R
miljj101,Miljus,Johnny,R,R
millo103,Miller,Otto,R,R
mitcc102,Mitchell,Clarence,L,L
mohag101,Mohart,George,R,R
myerh102,Myers,Hi,R,R
neisb101,Neis,Bernie,B,R
olsoi101,Olson,Ivy,R,R
pfefj101,Pfeffer,Jeff,R,R
schmr101,Schmandt,Ray,R,R
sheej101,Sheehan,Jack,B,R
sherr101,Sheridan,Red,R,R
smits102,Smith,Sherry,R,L
taylz101,Taylor,Zack,R,R
wardc102,Ward,Chuck,R,R
wheaz101,Wheat,Zach,L,R
