"aased001","Aase","Don","R","R"
"adamr001","Adams","Ricky","R","R"
"bahns101","Bahnsen","Stan","R","R"
"bayld001","Baylor","Don","R","R"
"benij001","Beniquez","Juan","R","R"
"boonb001","Boone","Bob","R","R"
"burlr001","Burleson","Rick","R","R"
"carer001","Carew","Rod","L","R"
"clarb002","Clark","Bob","R","R"
"corbd001","Corbett","Doug","R","R"
"curtj001","Curtis","Jack","L","L"
"decid001","DeCinces","Doug","R","R"
"downb001","Downing","Brian","R","R"
"fergj101","Ferguson","Joe","R","R"
"folit001","Foli","Tim","R","R"
"forsk001","Forsch","Ken","R","R"
"goltd101","Goltz","Dave","R","R"
"gricb001","Grich","Bobby","R","R"
"hassa001","Hassler","Andy","L","L"
"jackr001","Jackson","Reggie","L","L"
"jackr002","Jackson","Ron","R","R"
"johnt001","John","Tommy","R","L"
"kellm101","Kelleher","Mick","R","R"
"kisob001","Kison","Bruce","R","R"
"lynnf001","Lynn","Fred","L","L"
"mahlm001","Mahler","Mickey","B","L"
"morea101","Moreno","Angel","L","L"
"morej101","Moreno","Jose","B","R"
"pettg001","Pettis","Gary","B","R"
"renks101","Renko","Steve","R","R"
"sancl001","Sanchez","Luis","R","R"
"scond001","Sconiers","Daryl","L","L"
"steir001","Steirer","Rick","R","R"
"tianl101","Tiant","Luis","R","R"
"wilfr001","Wilfong","Rob","L","R"
"wittm001","Witt","Mike","R","R"
"zahng001","Zahn","Geoff","L","L"
