armsj001,Armstrong,Jack,R,R
bateb001,Bates,Billy,L,R
benzt001,Benzinger,Todd,B,R
birtt001,Birtsas,Tim,L,L
bragg001,Braggs,Glenn,R,R
browk002,Brown,Keith,B,R
browt001,Browning,Tom,L,L
charn001,Charlton,Norm,B,L
davie001,Davis,Eric,R,R
dibbr001,Dibble,Rob,L,R
dorab001,Doran,Bill,B,R
duncm001,Duncan,Mariano,R,R
grifk001,Griffey,Ken,L,L
grosk002,Gross,Kip,R,R
hammc001,Hammond,Chris,L,L
hatcb001,Hatcher,Billy,R,R
jackd001,Jackson,Danny,R,L
larkb001,Larkin,Barry,R,R
layat001,Layana,Tim,R,R
lee-t001,Lee,Terry,R,R
mahlr001,Mahler,Rick,R,R
mcgrt002,McGriff,Terry,R,R
minug001,Minutelli,Gino,L,L
morrh001,Morris,Hal,L,L
myerr001,Myers,Randy,L,L
nocep001,Noce,Paul,R,R
oestr001,Oester,Ron,B,R
olivj001,Oliver,Joe,R,R
oneip001,O'Neill,Paul,L,L
quinl001,Quinones,Luis,B,R
reedj001,Reed,Jeff,L,R
rijoj001,Rijo,Jose,R,R
robir001,Robinson,Ron,R,R
rodrr003,Rodriguez,Rosario,R,L
roomr001,Roomes,Rolando,R,R
saboc001,Sabo,Chris,R,R
scuds001,Scudder,Scott,R,R
sutkg001,Sutko,Glenn,R,R
treva001,Trevino,Alex,R,R
winnh001,Winningham,Herm,L,R
