acevj001,Acevedo,Juan,R,R
bailr001,Bailey,Roger,R,R
batej001,Bates,Jason,B,R
bichd001,Bichette,Dante,R,R
britj001,Brito,Jorge,R,R
burke001,Burks,Ellis,R,R
castv001,Castilla,Vinny,R,R
castp001,Castellano,Pedro,R,R
counc001,Counsell,Craig,L,R
freem001,Freeman,Marvin,R,R
galaa001,Galarraga,Andres,R,R
giraj001,Girardi,Joe,R,R
grahj001,Grahe,Joe,R,R
hickb001,Hickerson,Bryan,L,L
holmd001,Holmes,Darren,R,R
hubbt001,Hubbard,Trenidad,R,R
kingm001,Kingery,Mike,L,L
leskc001,Leskanic,Curt,R,R
mccrq001,McCracken,Quinton,B,R
mejir001,Mejia,Roberto,R,R
munom001,Munoz,Mike,L,L
niedd001,Nied,David,R,R
nokem001,Nokes,Matt,L,R
olivo001,Olivares,Omar,R,R
owenj001,Owens,Jayhawk,R,R
painl001,Painter,Lance,L,L
pullh001,Pulliam,Harvey,R,R
reeds001,Reed,Steve,R,R
rekab001,Rekar,Bryan,R,R
reyna001,Reynoso,Armando,R,R
ritzk001,Ritz,Kevin,R,R
ruffb001,Ruffin,Bruce,B,L
sabeb001,Saberhagen,Bret,R,R
sagea001,Sager,A.J.,R,R
swifb001,Swift,Bill,R,R
tatuj001,Tatum,Jim,R,R
thomm002,Thompson,Mark,R,R
vandj001,Vanderwal,John,L,L
walkl001,Walker,Larry,L,R
weisw001,Weiss,Walt,B,R
youne001,Young,Eric,R,R
