anded001,Anderson,Dave,R,R
belct001,Belcher,Tim,R,R
brenw001,Brennan,William,R,R
crewt001,Crews,Tim,R,R
davim002,Davis,Mike,L,L
dempr001,Dempsey,Rick,R,R
devem001,Devereaux,Mike,R,R
gibsk001,Gibson,Kirk,L,L
gonzj001,Gonzalez,Jose,R,R
grifa001,Griffin,Alfredo,B,R
guerp001,Guerrero,Pedro,R,R
gwync001,Gwynn,Chris,L,L
hamij001,Hamilton,Jeff,R,R
hatcm001,Hatcher,Mickey,R,R
haveb001,Havens,Brad,L,L
heepd001,Heep,Danny,L,L
herso001,Hershiser,Orel,R,R
hills001,Hillegas,Shawn,R,R
holtb001,Holton,Brian,R,R
hortr001,Horton,Ricky,L,L
howej001,Howell,Jay,R,R
howek001,Howell,Ken,R,R
krueb001,Krueger,Bill,L,L
leart001,Leary,Tim,R,R
marsm001,Marshall,Mike,R,R
martr002,Martinez,Ramon,R,R
orosj001,Orosco,Jesse,R,L
penaa001,Pena,Alejandro,R,R
reyeg001,Reyes,Gilberto,R,R
sax-s001,Sax,Steve,R,R
sciom001,Scioscia,Mike,L,R
sharm001,Sharperson,Mike,R,R
shelj001,Shelby,John,B,R
stubf001,Stubbs,Franklin,L,L
suttd001,Sutton,Don,R,R
tudoj001,Tudor,John,L,L
valef001,Valenzuela,F,L,L
woodt001,Woodson,Tracy,R,R
