ashlb001,Ashley,Billy,R,R
astap001,Astacio,Pedro,R,R
bankw001,Banks,Willie,R,R
brusj001,Bruske,Jim,R,R
buscm001,Busch,Mike,R,R
butlb001,Butler,Brett,L,L
candt001,Candiotti,Tom,R,R
castj004,Castro,Juan,R,R
ceder001,Cedeno,Roger,B,R
cummj001,Cummings,John,L,L
daalo001,Daal,Omar,L,L
deshd001,DeShields,Delino,L,R
eiscj001,Eischen,Joey,L,L
fonvc001,Fonville,Chad,B,R
garck002,Garcia,Karim,L,L
guthm001,Guthrie,Mark,B,L
gwync001,Gwynn,Chris,L,L
hansd001,Hansen,Dave,L,R
hansg001,Hansell,Greg,R,R
hernc001,Hernandez,Carlos,R,R
hollt001,Hollandsworth,Todd,L,L
ingrg001,Ingram,Garey,R,R
karre001,Karros,Eric,R,R
kellb002,Kelly,Roberto,R,R
martr002,Martinez,Ramon,L,R
mondr002,Mondesi,Raul,R,R
munon001,Munoz,Noe,R,R
murpr001,Murphy,Rob,L,L
nomoh001,Nomo,Hideo,R,R
offej001,Offerman,Jose,B,R
osuna002,Osuna,Antonio,R,R
parkc002,Park,Chan Ho,R,R
parkr001,Parker,Rick,R,R
parrj002,Parra,Jose,R,R
piazm001,Piazza,Mike,R,R
print001,Prince,Tom,R,R
pye-e001,Pye,Eddie,R,R
rodrf002,Rodriguez,Felix,R,R
rodrh001,Rodriguez,Henry,L,L
schod001,Schofield,Dick,R,R
seanr001,Seanez,Rudy,R,R
tapak001,Tapani,Kevin,R,R
treaj001,Treadway,Jeff,L,R
valdi001,Valdes,Ismael,R,R
wallt001,Wallach,Tim,R,R
websm001,Webster,Mitch,B,L
willr002,Williams,Reggie,B,R
willt001,Williams,Todd,R,R
worrt001,Worrell,Todd,R,R
