arndl001,Arndt,Larry,R,R
bandc001,Bando,Chris,B,R
beanb001,Beane,Billy,R,R
blanl001,Blankenship,Lance,R,R
burnt001,Burns,Todd,R,R
cadag001,Cadaret,Greg,L,L
cansj001,Canseco,Jose,R,R
corsj001,Corsi,Jim,R,R
davis001,Davis,Storm,R,R
dawlb001,Dawley,Bill,R,R
ecked001,Eckersley,Dennis,R,R
gallm001,Gallego,Mike,R,R
hassr001,Hassey,Ron,L,R
hemos001,Hemond,Scott,R,R
hendd001,Henderson,Dave,R,R
hendr001,Henderson,Rickey,R,L
honer001,Honeycutt,Rick,L,L
howid001,Howitt,Dann,L,R
hubbg001,Hubbard,Glenn,R,R
javis001,Javier,Stan,B,R
jennd001,Jennings,Doug,L,L
josef001,Jose,Felix,B,R
lansc001,Lansford,Carney,R,R
mcgwm001,McGwire,Mark,R,R
moorm001,Moore,Mike,R,R
nelsg001,Nelson,Gene,R,R
ottod001,Otto,Dave,L,L
parkd001,Parker,Dave,L,R
phelk001,Phelps,Ken,L,L
philt001,Phillips,Tony,B,R
plune001,Plunk,Eric,R,R
polol001,Polonia,Luis,L,L
quirj001,Quirk,Jamie,L,R
scotd002,Scott,Dickie,R,R
snydb001,Snyder,Brian,L,L
steit001,Steinbach,Terry,R,R
stewd001,Stewart,Dave,R,R
welcb001,Welch,Bob,R,R
weisw001,Weiss,Walt,B,R
younc001,Young,Curt,R,L
younm001,Young,Matt,L,L
