abada001,Abad,Andy,L,L
bellm002,Bellhorn,Mark,B,R
bradc001,Bradford,Chad,R,R
byrne001,Byrnes,Eric,R,R
chave001,Chavez,Eric,L,R
chrir001,Christenson,Ryan,R,R
damoj001,Damon,Johnny,L,L
dye-j001,Dye,Jermaine,R,R
fasas001,Fasano,Sal,R,R
fyhrm001,Fyhrie,Mike,R,R
gantr001,Gant,Ron,R,R
giamj001,Giambi,Jason,L,R
giamj002,Giambi,Jeremy,L,L
guthm001,Guthrie,Mark,R,L
harvc001,Harville,Chad,R,R
hereg001,Heredia,Gil,R,R
hernr002,Hernandez,Ramon,R,R
hilje001,Hiljus,Erik,R,R
hudst001,Hudson,Tim,R,R
isrij001,Isringhausen,Jason,R,R
jahaj001,Jaha,John,R,R
jennr001,Jennings,Robin,L,L
lidlc001,Lidle,Cory,R,R
longt002,Long,Terrence,L,L
magnm001,Magnante,Mike,L,L
matht002,Mathews,T.J.,R,R
mcmib001,McMillon,Billy,L,L
mecij001,Mecir,Jim,B,R
menef001,Menechino,Frank,R,R
muldm001,Mulder,Mark,L,L
myerg001,Myers,Greg,L,R
ortij003,Ortiz,Jose,R,R
piata001,Piatt,Adam,R,R
ryanr001,Ryan,Rob,L,L
saeno001,Saenz,Olmedo,R,R
santf001,Santangelo,F.P.,B,R
tam-j001,Tam,Jeff,R,R
tejam001,Tejada,Miguel,R,R
valdm002,Valdez,Mario,L,R
vizcl001,Vizcaino,Luis,R,R
wilst003,Wilson,Tom,R,R
zitob001,Zito,Barry,L,L
