"agual001","Aguayo","Luis","R","R"
"avilr101","Aviles","Ramon","R","R"
"boonb001","Boone","Bob","R","R"
"bowal001","Bowa","Larry","B","R"
"brusw001","Brusstar","Warren","R","R"
"bystm001","Bystrom","Marty","R","R"
"carls001","Carlton","Steve","L","L"
"chril101","Christenson","Larry","R","R"
"davim001","Davis","Mark","L","L"
"david101","Davis","Dick","R","R"
"dernb001","Dernier","Bob","R","R"
"espin101","Espinosa","Nino","R","R"
"grosg001","Gross","Greg","L","L"
"larsd101","Larson","Dan","R","R"
"lyles101","Lyle","Sparky","L","L"
"maddg001","Maddox","Garry","R","R"
"mattg001","Matthews","Gary","R","R"
"matul001","Matuszek","Len","L","R"
"mcbrb101","McBride","Bake","L","R"
"mccod101","McCormack","Don","R","R"
"mcgrt001","McGraw","Tug","R","L"
"morek001","Moreland","Keith","R","R"
"noled001","Noles","Dickie","R","R"
"prolm101","Proly","Mike","R","R"
"reedj002","Reed","Jerry","R","R"
"reedr001","Reed","Ron","R","R"
"rosep001","Rose","Pete","B","R"
"ruthd001","Ruthven","Dick","R","R"
"sandr001","Sandberg","Ryne","R","R"
"schmm001","Schmidt","Mike","R","R"
"smitl002","Smith","Lonnie","R","R"
"trilm001","Trillo","Manny","R","R"
"unsed101","Unser","Del","L","L"
"virgo001","Virgil","Ozzie","R","R"
"vukog001","Vukovich","George","L","R"
"vukoj101","Vukovich","John","R","R"
