alicl001,Alicea,Luis,B,R
bailc001,Bailey,Cory,R,R
barbb002,Barber,Brian,R,R
batcr001,Batchelor,Rich,R,R
belld002,Bell,David,R,R
benea002,Benes,Alan,R,R
benea001,Benes,Andy,R,R
bordp001,Borders,Pat,R,R
bradt001,Bradshaw,Terry,L,R
busbm001,Busby,Mike,R,R
clayr001,Clayton,Royce,R,R
difem001,Difelice,Mike,R,R
ecked001,Eckersley,Dennis,R,R
fosst001,Fossas,Tony,L,L
gaetg001,Gaetti,Gary,R,R
gallm001,Gallego,Mike,R,R
gantr001,Gant,Ron,R,R
holba001,Holbert,Aaron,R,R
honer001,Honeycutt,Rick,L,L
jackd001,Jackson,Danny,R,L
jordb001,Jordan,Brian,R,R
lankr001,Lankford,Ray,L,L
ludwe001,Ludwick,Eric,R,R
mabrj001,Mabry,John,L,R
matht002,Mathews,T.J.,R,R
mcgew001,McGee,Willie,B,R
mejim001,Mejia,Miguel,R,R
morgm001,Morgan,Mike,R,R
osbod001,Osborne,Donovan,B,L
pagnt001,Pagnozzi,Tom,R,R
parrj001,Parrett,Jeff,R,R
petkm001,Petkovsek,Mark,R,R
shead001,Sheaffer,Danny,R,R
smito001,Smith,Ozzie,B,R
stott001,Stottlemyre,Todd,L,R
sweem001,Sweeney,Mark,L,L
urbat001,Urbani,Tom,L,L
yound001,Young,Dmitri,B,R
