ackej001,Acker,Jim,R,R
aikew001,Aikens,Willie,L,R
alexd001,Alexander,Doyle,R,R
alleg001,Allenson,Gary,R,R
barfj001,Barfield,Jesse,R,R
bellg001,Bell,George,R,R
burrj001,Burroughs,Jeff,R,R
caudb001,Caudill,Bill,R,R
ceruj001,Cerutti,John,L,L
clanj001,Clancy,Jim,R,R
clars001,Clarke,Stan,L,L
davis002,Davis,Steve,L,L
fernt001,Fernandez,Tony,B,R
fielc001,Fielder,Cecil,R,R
filet001,Filer,Tom,R,R
garcd001,Garcia,Damaso,R,R
grubk001,Gruber,Kelly,R,R
hearj001,Hearron,Jeff,R,R
henkt001,Henke,Tom,R,R
iorgg001,Iorg,Garth,R,R
johnc001,Johnson,Cliff,R,R
key-j001,Key,Jimmy,R,L
lampd001,Lamp,Dennis,R,R
laveg001,Lavelle,Gary,B,L
leacr001,Leach,Rick,L,L
leall001,Leal,Luis,R,R
lee-m001,Lee,Manuel,B,R
martb001,Martinez,Buck,R,R
matul001,Matuszek,Len,L,R
mosel001,Moseby,Lloyd,L,R
mullr001,Mulliniks,Rance,L,R
mussr001,Musselman,Ron,R,R
nicos001,Nicosia,Steve,R,R
oliva001,Oliver,Al,L,L
shepr001,Shepherd,Ron,R,R
stied001,Stieb,Dave,R,R
thorl001,Thornton,Lou,L,R
upshw001,Upshaw,Willie,L,L
websm001,Webster,Mitch,B,L
white002,Whitt,Ernie,L,R
